title,price,condition,category,description,seller_info,shipping,link,image_url,scrape_time
Dog Crate Dog Cage Dog Kennel Metal Double-Door Folding Animal Pet Cage Wheels,$148.11 to $277.83,Brand New,N/A,Dog Crate Dog Cage Dog Kennel Metal Double-Door Folding Animal Pet Cage Wheels - Brand New,"yingniao02 (3,471) 98.3%",Free delivery,https://www.ebay.com/itm/256846763643?itmmeta=01JP02KCQDGQ0PEVP3MXERARDF&hash=item3bcd42967b:g:4GEAAeSw7jpnysUD,https://i.ebayimg.com/images/g/4GEAAeSw7jpnysUD/s-l500.webp,2025-03-10 21:06:12
Heavy Duty Dog Kennel Outdoor Anti-UV Cover Dog Playpen House Fence Pet Crate,$150.87,Brand New,N/A,Heavy Duty Dog Kennel Outdoor Anti-UV Cover Dog Playpen House Fence Pet Crate - Brand New,"yingniao02 (3,471) 98.3%",Free delivery,https://www.ebay.com/itm/256846738370?itmmeta=01JP02KCQDTJ4P13H0XFJW7QT1&hash=item3bcd4233c2:g:pI8AAeSwUVdnyr9M,https://i.ebayimg.com/images/g/pI8AAeSwUVdnyr9M/s-l500.webp,2025-03-10 21:06:12
"71"" Large Dog Crates for 2 Dogs Wooden Double Dog Crate with 3 Drawers Storage",$340.39,Brand New,N/A,"71"" Large Dog Crates for 2 Dogs Wooden Double Dog Crate with 3 Drawers Storage - Brand New","yingniao02 (3,471) 98.3%",Free delivery,https://www.ebay.com/itm/256846709628?itmmeta=01JP02KCQDX7Z7GGRKRWJBJD8Y&hash=item3bcd41c37c:g:nDgAAeSwiM5nyrtQ,https://i.ebayimg.com/images/g/nDgAAeSwiM5nyrtQ/s-l140.webp,2025-03-10 21:06:12
Metal Garden Tool Storage Rack with Wheels 3-Tiers Garage Organizer with Hooks,$88.31,Brand New,Garden,Metal Garden Tool Storage Rack with Wheels 3-Tiers Garage Organizer with Hooks - Brand New,"yingniao02 (3,471) 98.3%",Free delivery,https://www.ebay.com/itm/256845434551?itmmeta=01JP02KCQDK2MQAR2AWAS7Z8Q1&hash=item3bcd2e4eb7:g:PfYAAeSwPfRnyZy2,https://i.ebayimg.com/images/g/PfYAAeSwPfRnyZy2/s-l140.webp,2025-03-10 21:06:12
NSF Stainless Steel Prep Table 36/48in with Adjustable Undershelf and Backsplash,$150.87 to $155.47,Brand New,N/A,NSF Stainless Steel Prep Table 36/48in with Adjustable Undershelf and Backsplash - Brand New,"yingniao02 (3,471) 98.3%",Free delivery,https://www.ebay.com/itm/256845408260?itmmeta=01JP02KCQDMSYZQHVB2HTKJA3K&hash=item3bcd2de804:g:IHIAAeSwtW1nyZS7,https://i.ebayimg.com/images/g/IHIAAeSwtW1nyZS7/s-l140.webp,2025-03-10 21:06:12
"Folding Kitchen Prep Table 48"" X 24"" Stainless Steel Commercial Work Prep Tables",$157.31,Brand New,N/A,"Folding Kitchen Prep Table 48"" X 24"" Stainless Steel Commercial Work Prep Tables - Brand New","yingniao02 (3,471) 98.3%",Free delivery,https://www.ebay.com/itm/256845113411?itmmeta=01JP02KCQDRX76E1KB7Z9W2G54&hash=item3bcd296843:g:OLcAAeSw6CBnyU8O,https://i.ebayimg.com/images/g/OLcAAeSw6CBnyU8O/s-l140.webp,2025-03-10 21:06:12
"Kitchen Prep Table 48"" x 24"" NSF Stainless Steel Work Prep Table with Undershelf",$174.79,Brand New,N/A,"Kitchen Prep Table 48"" x 24"" NSF Stainless Steel Work Prep Table with Undershelf - Brand New","yingniao02 (3,471) 98.3%",Free delivery,https://www.ebay.com/itm/256845111038?itmmeta=01JP02KCQD0F5G17K7NRGJ13ZF&hash=item3bcd295efe:g:NXoAAeSw6CBnyU4R,https://i.ebayimg.com/images/g/NXoAAeSw6CBnyU4R/s-l140.webp,2025-03-10 21:06:12
Stainless Steel Sink 3 Compartment Freestanding Kitchen Sink Commercial Utility,$217.11,Brand New,N/A,Stainless Steel Sink 3 Compartment Freestanding Kitchen Sink Commercial Utility - Brand New,"yingniao02 (3,471) 98.3%",Free delivery,https://www.ebay.com/itm/256845093160?itmmeta=01JP02KCQDMF8A6XRMB4ES9WRY&hash=item3bcd291928:g:v4wAAeSwtfhnyUg6,https://i.ebayimg.com/images/g/v4wAAeSwtfhnyUg6/s-l140.webp,2025-03-10 21:06:12
Stainless Steel Sink 2 Compartment Freestanding Kitchen Sink Commercial Utility,$207.54,Brand New,N/A,Stainless Steel Sink 2 Compartment Freestanding Kitchen Sink Commercial Utility - Brand New,"yingniao02 (3,471) 98.3%",Free delivery,https://www.ebay.com/itm/256845086822?itmmeta=01JP02KCQEPN63JBJSTR0ZK80F&hash=item3bcd290066:g:HSwAAeSwz0hnyUak,https://i.ebayimg.com/images/g/HSwAAeSwz0hnyUak/s-l140.webp,2025-03-10 21:06:12
"Stainless Steel Utility Sink for Commercial Kitchen 21.3"" Wide with Drainboard",$172.95,Brand New,N/A,"Stainless Steel Utility Sink for Commercial Kitchen 21.3"" Wide with Drainboard - Brand New","yingniao02 (3,471) 98.3%",Free delivery,https://www.ebay.com/itm/256845080479?itmmeta=01JP02KCQEQWXTYQJAFG0A2K8W&hash=item3bcd28e79f:g:yDcAAOSwEiZnyWG7,https://i.ebayimg.com/images/g/yDcAAOSwEiZnyWG7/s-l140.webp,2025-03-10 21:06:12
4.3ft Artificial Ficus Tree Plant with 46 Leaves Plant in Pot for Indoor Outdoor,$49.67,Brand New,N/A,4.3ft Artificial Ficus Tree Plant with 46 Leaves Plant in Pot for Indoor Outdoor - Brand New,"yingniao02 (3,471) 98.3%",Free delivery,https://www.ebay.com/itm/256843988388?itmmeta=01JP02KCQEF0EBNHSVZJQXQ045&hash=item3bcd183da4:g:ciEAAeSwijtnyC~f,https://i.ebayimg.com/images/g/ciEAAeSwijtnyC~f/s-l140.webp,2025-03-10 21:06:12
Artificial Ficus Leaf Tree Plant 6FT Fake Potted Tree for Home Maintenance-Free,$84.63,Brand New,Home,Artificial Ficus Leaf Tree Plant 6FT Fake Potted Tree for Home Maintenance-Free - Brand New,"yingniao02 (3,471) 98.3%",Free delivery,https://www.ebay.com/itm/256843977659?itmmeta=01JP02KCQE644ZSNZZ1Y5K2YQC&hash=item3bcd1813bb:g:QlYAAeSwQeRnyCyz,https://i.ebayimg.com/images/g/QlYAAeSwQeRnyCyz/s-l140.webp,2025-03-10 21:06:12
Vintage Distressed Runner Rug 2x6ft Hallway Low Pile Non-Shedding Rug Light Gray,$26.67,Brand New,N/A,Vintage Distressed Runner Rug 2x6ft Hallway Low Pile Non-Shedding Rug Light Gray - Brand New,"yingniao02 (3,471) 98.3%",Free delivery,https://www.ebay.com/itm/256843963605?itmmeta=01JP02KCQEKKFVVVR9DCNVXZVG&hash=item3bcd17dcd5:g:Vm8AAeSwkmZnyCdG,https://i.ebayimg.com/images/g/Vm8AAeSwkmZnyCdG/s-l140.webp,2025-03-10 21:06:12
Non-Slip Geometric Area Rug 6x9 ft Washable Stain Resistant Rug for Living Room,$67.15,Brand New,N/A,Non-Slip Geometric Area Rug 6x9 ft Washable Stain Resistant Rug for Living Room - Brand New,"yingniao02 (3,471) 98.3%",Free delivery,https://www.ebay.com/itm/256843957347?itmmeta=01JP02KCQESJBE6MS3VAM73PRF&hash=item3bcd17c463:g:N2kAAeSwWAhnyCY1,https://i.ebayimg.com/images/g/N2kAAeSwWAhnyCY1/s-l140.webp,2025-03-10 21:06:12
Non Slip Bath Rug 2x6 ft Modern Geometric Non-Shedding Hallway Runner Rugs Gray,$26.67,Brand New,N/A,Non Slip Bath Rug 2x6 ft Modern Geometric Non-Shedding Hallway Runner Rugs Gray - Brand New,"yingniao02 (3,471) 98.3%",Free delivery,https://www.ebay.com/itm/256843943969?itmmeta=01JP02KCQE38ZR5TTD1ZVC94S5&hash=item3bcd179021:g:f~kAAeSwuLdnyCKL,https://i.ebayimg.com/images/g/f~kAAeSwuLdnyCKL/s-l140.webp,2025-03-10 21:06:12
Runner Rug 2x7 ft Modern Geometric Non Shedding Low Pile For Room Kitchen Taupe,$27.59,Brand New,N/A,Runner Rug 2x7 ft Modern Geometric Non Shedding Low Pile For Room Kitchen Taupe - Brand New,"yingniao02 (3,471) 98.3%",Free delivery,https://www.ebay.com/itm/256843925019?itmmeta=01JP02KCQE239KRFR9RH5CDKJG&hash=item3bcd17461b:g:gM8AAeSwec5nyB0-,https://i.ebayimg.com/images/g/gM8AAeSwec5nyB0-/s-l140.webp,2025-03-10 21:06:12
Low Pile Runner Rug 2x7 ft Geometric Textured Weave Rug for Living Room Entryway,$27.59,Brand New,N/A,Low Pile Runner Rug 2x7 ft Geometric Textured Weave Rug for Living Room Entryway - Brand New,"yingniao02 (3,471) 98.3%",Free delivery,https://www.ebay.com/itm/256843916376?itmmeta=01JP02KCQEBHFBXE8T5YDJPCMV&hash=item3bcd172458:g:TqQAAeSwGXRnyBrN,https://i.ebayimg.com/images/g/TqQAAeSwGXRnyBrN/s-l140.webp,2025-03-10 21:06:12
Artificial Olive Tree Plant 5ft 6ft 7ft Tall Potted Tree Plant for Home Indoor,$45.99 to $58.87,Brand New,Home,Artificial Olive Tree Plant 5ft 6ft 7ft Tall Potted Tree Plant for Home Indoor - Brand New,"yingniao02 (3,471) 98.3%",Free delivery,https://www.ebay.com/itm/256842531525?itmmeta=01JP02KCQEM0R3BP8JMXX9G5RE&hash=item3bcd0202c5:g:JNMAAeSwv-Znxtjr,https://i.ebayimg.com/images/g/JNMAAeSwv-Znxtjr/s-l140.webp,2025-03-10 21:06:12
Artificial Indoor Tree Plants 39 inch Faux Fiddle Leaf Fig Tree Faux Plant Decor,$44.15,Brand New,N/A,Artificial Indoor Tree Plants 39 inch Faux Fiddle Leaf Fig Tree Faux Plant Decor - Brand New,"yingniao02 (3,471) 98.3%",Free delivery,https://www.ebay.com/itm/256842498609?itmmeta=01JP02KCQEVVVTJRYEZ72254EB&hash=item3bcd018231:g:-00AAOSwbXVnxtXj,https://i.ebayimg.com/images/g/-00AAOSwbXVnxtXj/s-l140.webp,2025-03-10 21:06:12
Washable Area Rugs 5x7ft Rug for Living Room Geometric Non-Slip Area Rug Blue,$49.99,Brand New,N/A,Washable Area Rugs 5x7ft Rug for Living Room Geometric Non-Slip Area Rug Blue - Brand New,"yingniao02 (3,471) 98.3%",Free delivery,https://www.ebay.com/itm/256842485275?itmmeta=01JP02KCQE8ME1WAGHQ641E0X2&hash=item3bcd014e1b:g:sQkAAeSwVZxnxsu1,https://i.ebayimg.com/images/g/sQkAAeSwVZxnxsu1/s-l140.webp,2025-03-10 21:06:12
Outdoor Rug 4x6ft Waterproof Rug Geometric Weave Floor Carpet Non-Shedding Taupe,$50.99,Brand New,N/A,Outdoor Rug 4x6ft Waterproof Rug Geometric Weave Floor Carpet Non-Shedding Taupe - Brand New,"yingniao02 (3,471) 98.3%",Free delivery,https://www.ebay.com/itm/256842477994?itmmeta=01JP02KCQE5CCBTM2PGK1YEKXJ&hash=item3bcd0131aa:g:Wb8AAeSwiO1nxskf,https://i.ebayimg.com/images/g/Wb8AAeSwiO1nxskf/s-l140.webp,2025-03-10 21:06:12
Geometric Weave Runner Rug 2x7ft Indoor/Outdoor Waterproof Rug Non Shedding,$27.99,Brand New,N/A,Geometric Weave Runner Rug 2x7ft Indoor/Outdoor Waterproof Rug Non Shedding - Brand New,"yingniao02 (3,471) 98.3%",Free delivery,https://www.ebay.com/itm/256842469925?itmmeta=01JP02KCQE5RCDDW43MFZA28R5&hash=item3bcd011225:g:TjkAAeSwInlnxsXN,https://i.ebayimg.com/images/g/TjkAAeSwInlnxsXN/s-l140.webp,2025-03-10 21:06:12
Indoor/Outdoor Waterproof Rug 5x7 ft Geometric Rug Non-Shedding Patio Dark Blue,$53.99,Brand New,N/A,Indoor/Outdoor Waterproof Rug 5x7 ft Geometric Rug Non-Shedding Patio Dark Blue - Brand New,"yingniao02 (3,471) 98.3%",Free delivery,https://www.ebay.com/itm/256842464951?itmmeta=01JP02KCQEX9VD8KVZ2PSKXE5G&hash=item3bcd00feb7:g:ypcAAeSwU4dnxsT7,https://i.ebayimg.com/images/g/ypcAAeSwU4dnxsT7/s-l140.webp,2025-03-10 21:06:12
Boho Geometric Low Pile Rug 4x6 ft Machine Washable Pet-Friendly Carpet Gray,$33.99,Brand New,N/A,Boho Geometric Low Pile Rug 4x6 ft Machine Washable Pet-Friendly Carpet Gray - Brand New,"yingniao02 (3,471) 98.3%",Free delivery,https://www.ebay.com/itm/256842457843?itmmeta=01JP02KCQEVBT8P3EAJZH7YZH4&hash=item3bcd00e2f3:g:q2oAAeSwPv1nxsKg,https://i.ebayimg.com/images/g/q2oAAeSwPv1nxsKg/s-l140.webp,2025-03-10 21:06:12
Soft Pearl Velvet Rug for Living Room 8x10 Folding Geometric Accent Throw Rugs,$25.99 to $137.99,Brand New,N/A,Soft Pearl Velvet Rug for Living Room 8x10 Folding Geometric Accent Throw Rugs - Brand New,"yingniao02 (3,471) 98.3%",Free delivery,https://www.ebay.com/itm/256831905588?itmmeta=01JP02KCQEMTPS35ZW1BP9025H&hash=item3bcc5fdf34:g:zsEAAeSw~wxnvZRO,https://i.ebayimg.com/images/g/zsEAAeSw~wxnvZRO/s-l140.webp,2025-03-10 21:06:12
Soft Faux Wool Area Rug for Living Room 8x10 Low Pile Non Shedding Floral Rugs,$27.99 to $118.99,Brand New,N/A,Soft Faux Wool Area Rug for Living Room 8x10 Low Pile Non Shedding Floral Rugs - Brand New,"yingniao02 (3,471) 98.3%",Free delivery,https://www.ebay.com/itm/256831899125?itmmeta=01JP02KCQEYCNKWPNJSSPZ9A9P&hash=item3bcc5fc5f5:g:jboAAeSwDNBnvZP7,https://i.ebayimg.com/images/g/jboAAeSwDNBnvZP7/s-l140.webp,2025-03-10 21:06:12
8'x10' Traditional Washable Large Non Slip Area Rugs Or Runner Rug Or Door Mat ,$28.99 to $142.99,Brand New,N/A,8'x10' Traditional Washable Large Non Slip Area Rugs Or Runner Rug Or Door Mat  - Brand New,"yingniao02 (3,471) 98.3%",Free delivery,https://www.ebay.com/itm/256824861242?itmmeta=01JP02KCQETH7ABDQBQ8TGRYB3&hash=item3bcbf4623a:g:C1EAAeSwVIBntqdw,https://i.ebayimg.com/images/g/C1EAAeSwVIBntqdw/s-l140.webp,2025-03-10 21:06:12
Traditional Washable Large Non Slip Area Rugs Or Runner Rug Or Door Mat Green,$28.99 to $142.99,Brand New,N/A,Traditional Washable Large Non Slip Area Rugs Or Runner Rug Or Door Mat Green - Brand New,"yingniao02 (3,471) 98.3%",Free delivery,https://www.ebay.com/itm/256824855342?itmmeta=01JP02KCQEDS5R49NBZ9XW9EN6&hash=item3bcbf44b2e:g:NPUAAOSwD7NntqhO,https://i.ebayimg.com/images/g/NPUAAOSwD7NntqhO/s-l140.webp,2025-03-10 21:06:12
Traditional Washable Large Non Slip Area Rugs Or Runner Rug Or Door Mat Gray,$28.99 to $142.99,Brand New,N/A,Traditional Washable Large Non Slip Area Rugs Or Runner Rug Or Door Mat Gray - Brand New,"yingniao02 (3,471) 98.3%",Free delivery,https://www.ebay.com/itm/256824845078?itmmeta=01JP02KCQE04Q8XDSN9EN1118X&hash=item3bcbf42316:g:5iAAAeSwzupntqTB,https://i.ebayimg.com/images/g/5iAAAeSwzupntqTB/s-l140.webp,2025-03-10 21:06:12
Traditional Washable Large Non Slip Area Rugs Or Runner Rug Or Door Mat 2x8 8x10,$28.99 to $141.99,Brand New,N/A,Traditional Washable Large Non Slip Area Rugs Or Runner Rug Or Door Mat 2x8 8x10 - Brand New,"yingniao02 (3,471) 98.3%",Free delivery,https://www.ebay.com/itm/256824834465?itmmeta=01JP02KCQESFKYGJ58QM24GQWD&hash=item3bcbf3f9a1:g:qAwAAOSwyChntp8~,https://i.ebayimg.com/images/g/qAwAAOSwyChntp8~/s-l140.webp,2025-03-10 21:06:12
LED Simulation Tulip Night Light 3 Heads Tulip Flower Potted Table Lamp Ornament,$17.47,Brand New,N/A,LED Simulation Tulip Night Light 3 Heads Tulip Flower Potted Table Lamp Ornament - Brand New,"yingniao02 (3,471) 98.3%",Free delivery,https://www.ebay.com/itm/256822233407?itmmeta=01JP02KCQE2JRVSWJZRK96E2BF&hash=item3bcbcc493f:g:WpYAAeSw3CtntEwZ,https://i.ebayimg.com/images/g/WpYAAeSw3CtntEwZ/s-l140.webp,2025-03-10 21:06:12
Indoor Vintage Floral Printed Area Rugs 8x10 10x13 Non Slip Carpet Washable Rugs,$83.99 to $128.99,Brand New,N/A,Indoor Vintage Floral Printed Area Rugs 8x10 10x13 Non Slip Carpet Washable Rugs - Brand New,"yingniao02 (3,471) 98.3%",Free delivery,https://www.ebay.com/itm/256822026962?itmmeta=01JP02KCQECKW6TH5K5X9E0ATQ&hash=item3bcbc922d2:g:K8IAAeSwSNVntCvk,https://i.ebayimg.com/images/g/K8IAAeSwSNVntCvk/s-l140.webp,2025-03-10 21:06:12
Foldable Floral Print Area Rug 8x10 Washable Machine Non-Slip Floor Mat Low Pile,$27.99 to $128.99,Brand New,N/A,Foldable Floral Print Area Rug 8x10 Washable Machine Non-Slip Floor Mat Low Pile - Brand New,"yingniao02 (3,471) 98.3%",Free delivery,https://www.ebay.com/itm/256822026950?itmmeta=01JP02KCQEAMXQD1TDVR4Y73BS&hash=item3bcbc922c6:g:xjcAAeSwVjZntCvC,https://i.ebayimg.com/images/g/xjcAAeSwVjZntCvC/s-l140.webp,2025-03-10 21:06:12
Low Pile Floral Vintage Rugs Machine Washable Floor Carpet 5x7 Home Decor 8x10,$48.99 to $133.99,Brand New,Home,Low Pile Floral Vintage Rugs Machine Washable Floor Carpet 5x7 Home Decor 8x10 - Brand New,"yingniao02 (3,471) 98.3%",Free delivery,https://www.ebay.com/itm/256821885515?itmmeta=01JP02KCQE8D07ZRDZJG3FBDF8&hash=item3bcbc6fa4b:g:n6kAAeSwXKhntAHx,https://i.ebayimg.com/images/g/n6kAAeSwXKhntAHx/s-l140.webp,2025-03-10 21:06:12
Modern Faux Woven Design Area Rug 8X10 Washable Low Pile Non Slip Floor Carpet,$47.99 to $130.99,Brand New,N/A,Modern Faux Woven Design Area Rug 8X10 Washable Low Pile Non Slip Floor Carpet - Brand New,"yingniao02 (3,471) 98.3%",Free delivery,https://www.ebay.com/itm/256821882865?itmmeta=01JP02KCQEGX268FDDW3YG9BCM&hash=item3bcbc6eff1:g:hGsAAeSwyadntARk,https://i.ebayimg.com/images/g/hGsAAeSwyadntARk/s-l140.webp,2025-03-10 21:06:12
Outdoor Rugs 6x9ft Patio Mats Large Camping Plastic Straw Waterproof Reversible,$27.99,Brand New,N/A,Outdoor Rugs 6x9ft Patio Mats Large Camping Plastic Straw Waterproof Reversible - Brand New,"yingniao02 (3,471) 98.3%",Free delivery,https://www.ebay.com/itm/256818081984?itmmeta=01JP02KCQEFSC0713GD3PX2QA0&hash=item3bcb8cf0c0:g:ee8AAeSwfnNnsEWi,https://i.ebayimg.com/images/g/ee8AAeSwfnNnsEWi/s-l140.webp,2025-03-10 21:06:12
Touch Control  30 Inch Wall Mount Range Hood 400CFM Ducted/Ductless Range Hood,$204.23,Brand New,N/A,Touch Control  30 Inch Wall Mount Range Hood 400CFM Ducted/Ductless Range Hood - Brand New,"yingniao02 (3,471) 98.3%",Free delivery,https://www.ebay.com/itm/256815756007?itmmeta=01JP02KCQE66HMVD2N625404YS&hash=item3bcb6972e7:g:H0QAAeSwE5hnrds6,https://i.ebayimg.com/images/g/H0QAAeSwE5hnrds6/s-l140.webp,2025-03-10 21:06:12
8x10 Machine Washable Area Rug Indoor Floral Printed Mat Non Slip Carpet Mat 2x6,$24.99 to $113.99,Brand New,N/A,8x10 Machine Washable Area Rug Indoor Floral Printed Mat Non Slip Carpet Mat 2x6 - Brand New,"yingniao02 (3,471) 98.3%",Free delivery,https://www.ebay.com/itm/256813177013?itmmeta=01JP02KCQE5W1P1AAMG45QBWVF&hash=item3bcb4218b5:g:j40AAeSwvzNnqx2G,https://i.ebayimg.com/images/g/j40AAeSwvzNnqx2G/s-l140.webp,2025-03-10 21:06:12
4x6 ft Floral Print  Area Rug Foldable Thin Chenille Floor Mat Non-Slip Washable,$32.99,Brand New,N/A,4x6 ft Floral Print  Area Rug Foldable Thin Chenille Floor Mat Non-Slip Washable - Brand New,"yingniao02 (3,471) 98.3%",Free delivery,https://www.ebay.com/itm/256813177005?itmmeta=01JP02KCQE0P0JW4PM2R8YFZQQ&hash=item3bcb4218ad:g:5fkAAeSwfpRnqx40,https://i.ebayimg.com/images/g/5fkAAeSwfpRnqx40/s-l140.webp,2025-03-10 21:06:12
2x6 ft Boho Floral Runner Rug Machine Washable Non-Slip Soft Rug Indoor Carpet,$24.99,Brand New,N/A,2x6 ft Boho Floral Runner Rug Machine Washable Non-Slip Soft Rug Indoor Carpet - Brand New,"yingniao02 (3,471) 98.3%",Free delivery,https://www.ebay.com/itm/256813176994?itmmeta=01JP02KCQE8PZEDQH00DC6HTS8&hash=item3bcb4218a2:g:nIUAAeSwzntnqx13,https://i.ebayimg.com/images/g/nIUAAeSwzntnqx13/s-l140.webp,2025-03-10 21:06:12
Vanity Makeup Table Dressing Desk w/Motion Sensor LED Light Mirror and 6 Drawers,$254.83,Brand New,N/A,Vanity Makeup Table Dressing Desk w/Motion Sensor LED Light Mirror and 6 Drawers - Brand New,"yingniao02 (3,471) 98.3%",Free delivery,https://www.ebay.com/itm/256811968811?itmmeta=01JP02KCQF585Y31RCGH9KRY8B&hash=item3bcb2fa92b:g:DMAAAeSw0HNnqcxs,https://i.ebayimg.com/images/g/DMAAAeSw0HNnqcxs/s-l140.webp,2025-03-10 21:06:12
Vanity Desk Makeup Dressing Table Set Storage w/ 2 Drawers and LED Lights Mirror,$208.83,Brand New,N/A,Vanity Desk Makeup Dressing Table Set Storage w/ 2 Drawers and LED Lights Mirror - Brand New,"yingniao02 (3,471) 98.3%",Free delivery,https://www.ebay.com/itm/256811968803?itmmeta=01JP02KCQF4D0NR2WEAJ58SXSS&hash=item3bcb2fa923:g:swYAAeSwxTxnqcxU,https://i.ebayimg.com/images/g/swYAAeSwxTxnqcxU/s-l140.webp,2025-03-10 21:06:12
Artificial Topiary Flower Balls 2 PCS Hanging Grass Ball for Home Wedding Decor,$61.63 to $95.67,Brand New,Home,Artificial Topiary Flower Balls 2 PCS Hanging Grass Ball for Home Wedding Decor - Brand New,"yingniao02 (3,471) 98.3%",Free delivery,https://www.ebay.com/itm/256805698641?itmmeta=01JP02KCQF7SVESES51AQRKJGP&hash=item3bcacffc51:g:P1UAAeSwuLZnownX,https://i.ebayimg.com/images/g/P1UAAeSwuLZnownX/s-l140.webp,2025-03-10 21:06:12
2PCS Artificial Topiary Balls Faux Cedar/Eucalyptus Decorative Hanging Balls,$55.19 to $133.39,Brand New,N/A,2PCS Artificial Topiary Balls Faux Cedar/Eucalyptus Decorative Hanging Balls - Brand New,"yingniao02 (3,471) 98.3%",Free delivery,https://www.ebay.com/itm/256805698579?itmmeta=01JP02KCQFVN2RKA5FY99FSFPQ&hash=item3bcacffc13:g:KZsAAeSw6Uhnownv,https://i.ebayimg.com/images/g/KZsAAeSw6Uhnownv/s-l140.webp,2025-03-10 21:06:12
Large Traditional Vintage Rug 5x7 ft Area Rug Floral Style Carpet in Gray US ,$46.99,Brand New,N/A,Large Traditional Vintage Rug 5x7 ft Area Rug Floral Style Carpet in Gray US  - Brand New,"yingniao02 (3,471) 98.3%",Free delivery,https://www.ebay.com/itm/256792196944?itmmeta=01JP02KCQFZDD67684RMT9SPRK&hash=item3bca01f750:g:yyoAAOSwYw5nkeqc,https://i.ebayimg.com/images/g/yyoAAOSwYw5nkeqc/s-l140.webp,2025-03-10 21:06:12
Washable Area Rug 5x7 9x12 Bohemian Floral Rugs Stain-Resistant Non-Slip 2x6,$27.99 to $109.99,Brand New,N/A,Washable Area Rug 5x7 9x12 Bohemian Floral Rugs Stain-Resistant Non-Slip 2x6 - Brand New,"yingniao02 (3,471) 98.3%",Free delivery,https://www.ebay.com/itm/256792186252?itmmeta=01JP02KCQFD67A6S564F68NSKQ&hash=item3bca01cd8c:g:8tEAAOSwoj9nkelW,https://i.ebayimg.com/images/g/8tEAAOSwoj9nkelW/s-l140.webp,2025-03-10 21:06:12
Reversible Chopping Board Carbonized Bamboo Cutting Board w/Juice Groove 3 Sizes,$34.03 to $45.07,Brand New,N/A,Reversible Chopping Board Carbonized Bamboo Cutting Board w/Juice Groove 3 Sizes - Brand New,"yingniao02 (3,471) 98.3%",Free delivery,https://www.ebay.com/itm/256792048560?itmmeta=01JP02KCQF0JEZFP83Y8CJDV05&hash=item3bc9ffb3b0:g:~9UAAOSwcaBnkb~x,https://i.ebayimg.com/images/g/~9UAAOSwcaBnkb~x/s-l140.webp,2025-03-10 21:06:12
Large Kitchen Cutting Board Wood Chopping Board Butcher Block 24x18 in/20x15 in,$37.71 to $42.31,Brand New,N/A,Large Kitchen Cutting Board Wood Chopping Board Butcher Block 24x18 in/20x15 in - Brand New,"yingniao02 (3,471) 98.3%",Free delivery,https://www.ebay.com/itm/256792041681?itmmeta=01JP02KCQF8SFASCBRRGMJNZ9K&hash=item3bc9ff98d1:g:RtoAAOSwpm9nkbr1,https://i.ebayimg.com/images/g/RtoAAOSwpm9nkbr1/s-l140.webp,2025-03-10 21:06:12
10x12 Large Floral Printed Accent Rugs Non Slip Backing Indoor Carpet Area Rugs,$45.99 to $106.99,Brand New,N/A,10x12 Large Floral Printed Accent Rugs Non Slip Backing Indoor Carpet Area Rugs - Brand New,"yingniao02 (3,471) 98.3%",Free delivery,https://www.ebay.com/itm/256789264453?itmmeta=01JP02KCQF7C42A0DE81YP45YX&hash=item3bc9d53845:g:UlkAAOSwcKhnjiOL,https://i.ebayimg.com/images/g/UlkAAOSwcKhnjiOL/s-l140.webp,2025-03-10 21:06:12
8'x10' Tropical Leaves Green Palm Indoor Rug Carpet Large Area Rugs 2'x6' Runner,$44.99 to $123.99,Brand New,N/A,8'x10' Tropical Leaves Green Palm Indoor Rug Carpet Large Area Rugs 2'x6' Runner - Brand New,"yingniao02 (3,471) 98.3%",Free delivery,https://www.ebay.com/itm/256789252236?itmmeta=01JP02KCQFCZ1WXP4F7C8F5PHD&hash=item3bc9d5088c:g:3a0AAOSwpm1njh-T,https://i.ebayimg.com/images/g/3a0AAOSwpm1njh-T/s-l140.webp,2025-03-10 21:06:12
2pcs Artificial Palm Tree 210cm Realistic Tall Tropical Trees With 15pcs Leaves,$137.99,Brand New,N/A,2pcs Artificial Palm Tree 210cm Realistic Tall Tropical Trees With 15pcs Leaves - Brand New,"yingniao02 (3,471) 98.3%",Free delivery,https://www.ebay.com/itm/256784982037?itmmeta=01JP02KCQFVHEJZZW1X30KAVVS&hash=item3bc993e015:g:TxkAAOSwb4lniN76,https://i.ebayimg.com/images/g/TxkAAOSwb4lniN76/s-l140.webp,2025-03-10 21:06:12
Artificial Hydrangea Flowers Tree 4ft/5ft Tall Potted Decorative Hydrangea Tree,$68.99 to $75.43,Brand New,N/A,Artificial Hydrangea Flowers Tree 4ft/5ft Tall Potted Decorative Hydrangea Tree - Brand New,"yingniao02 (3,471) 98.3%",Free delivery,https://www.ebay.com/itm/256784975947?itmmeta=01JP02KCQFPF5E27MWEX7GJ7QN&hash=item3bc993c84b:g:un4AAOSwkG1niNzU,https://i.ebayimg.com/images/g/un4AAOSwkG1niNzU/s-l140.webp,2025-03-10 21:06:12
 Artificial Palm Tree Fake Tropical Plant in Pot Garden Outdoor Decor 120/150cm,$53.35 to $62.55,Brand New,Garden, Artificial Palm Tree Fake Tropical Plant in Pot Garden Outdoor Decor 120/150cm - Brand New,"yingniao02 (3,471) 98.3%",Free delivery,https://www.ebay.com/itm/256784975065?itmmeta=01JP02KCQFYD9NDEFF86R0E2KT&hash=item3bc993c4d9:g:~tcAAOSwVIJniNvE,https://i.ebayimg.com/images/g/~tcAAOSwVIJniNvE/s-l140.webp,2025-03-10 21:06:12
Sansevieria Snake Artificial Plant with Pot Home Office Decor Tropical Plants ,$29.43 to $45.99,Brand New,Home,Sansevieria Snake Artificial Plant with Pot Home Office Decor Tropical Plants  - Brand New,"yingniao02 (3,471) 98.3%",Free delivery,https://www.ebay.com/itm/256784973926?itmmeta=01JP02KCQFSVTX8M6NRCNGE7TN&hash=item3bc993c066:g:QKkAAOSwkJVniNv7,https://i.ebayimg.com/images/g/QKkAAOSwkJVniNv7/s-l140.webp,2025-03-10 21:06:12
Artificial Bougainvillea Trees in Pot Fake Flowers Plant with Real Touch Leaves,$46.91 to $66.23,Brand New,N/A,Artificial Bougainvillea Trees in Pot Fake Flowers Plant with Real Touch Leaves - Brand New,"yingniao02 (3,471) 98.3%",Free delivery,https://www.ebay.com/itm/256784906956?itmmeta=01JP02KCQFVTZ0ZEEMNNP8K5N1&hash=item3bc992bacc:g:VlIAAOSw8IVniMge,https://i.ebayimg.com/images/g/VlIAAOSw8IVniMge/s-l140.webp,2025-03-10 21:06:12
2 PCS 4/5/6Ft Artificial Olive Tree Realistic Faux Fake Plant Home Office Decor,$60.71 to $93.83,Brand New,Home,2 PCS 4/5/6Ft Artificial Olive Tree Realistic Faux Fake Plant Home Office Decor - Brand New,"yingniao02 (3,471) 98.3%",Free delivery,https://www.ebay.com/itm/256783824934?itmmeta=01JP02KCQFA4FMW6BHCWGZ4MC0&hash=item3bc9823826:g:cnkAAOSwSThnh3Yw,https://i.ebayimg.com/images/g/cnkAAOSwSThnh3Yw/s-l140.webp,2025-03-10 21:06:12
6FT Green Artificial Olive Tree Lifelike with Straw Basket for Home Office Decor,$57.03,Brand New,Home,6FT Green Artificial Olive Tree Lifelike with Straw Basket for Home Office Decor - Brand New,"yingniao02 (3,471) 98.3%",Free delivery,https://www.ebay.com/itm/256783804941?itmmeta=01JP02KCQFZFZBHQZT0P5XWP3K&hash=item3bc981ea0d:g:6S8AAOSwB-5nh3DV,https://i.ebayimg.com/images/g/6S8AAOSwB-5nh3DV/s-l140.webp,2025-03-10 21:06:12
Artificial Banana Tree 5ft Tall Fake Palm Tree Faux Silk Plant in Pot Home Decor,$45.99,Brand New,Home,Artificial Banana Tree 5ft Tall Fake Palm Tree Faux Silk Plant in Pot Home Decor - Brand New,"yingniao02 (3,471) 98.3%",Free delivery,https://www.ebay.com/itm/256783767275?itmmeta=01JP02KCQFPQYBA9KXQC8JE8SW&hash=item3bc98156eb:g:VGYAAOSwyDdnh2mA,https://i.ebayimg.com/images/g/VGYAAOSwyDdnh2mA/s-l140.webp,2025-03-10 21:06:12
2 PACK Artificial Olive Trees 5/6/7 FT Tall Faux Silk Olive Tree with Wood Trunk,$103.03 to $126.03,Brand New,N/A,2 PACK Artificial Olive Trees 5/6/7 FT Tall Faux Silk Olive Tree with Wood Trunk - Brand New,"yingniao02 (3,471) 98.3%",Free delivery,https://www.ebay.com/itm/256783736100?itmmeta=01JP02KCQFEFY9P5TRRS82XNTA&hash=item3bc980dd24:g:S7UAAOSw7O5nh1zJ,https://i.ebayimg.com/images/g/S7UAAOSw7O5nh1zJ/s-l140.webp,2025-03-10 21:06:12
1PC Artificial Olive Trees 5/6/7 FT Tall Faux Silk Olive Tree with Wood Trunk,$60.71 to $74.51,Brand New,N/A,1PC Artificial Olive Trees 5/6/7 FT Tall Faux Silk Olive Tree with Wood Trunk - Brand New,"yingniao02 (3,471) 98.3%",Free delivery,https://www.ebay.com/itm/256783732260?itmmeta=01JP02KCQFVC7246K354MB6H8Z&hash=item3bc980ce24:g:ZAoAAOSwK05nh1uo,https://i.ebayimg.com/images/g/ZAoAAOSwK05nh1uo/s-l140.webp,2025-03-10 21:06:12
"24 Inch Artificial Topiary Boxwood Ball Trees, Set of 2 Plants with 6"" x 5"" Pot",$75.43,Brand New,N/A,"24 Inch Artificial Topiary Boxwood Ball Trees, Set of 2 Plants with 6"" x 5"" Pot - Brand New","yingniao02 (3,471) 98.3%",Free delivery,https://www.ebay.com/itm/256783710513?itmmeta=01JP02KJEM1CJHC82MK3J7048F&hash=item3bc9807931:g:xjQAAOSwQI9nh1NV,https://i.ebayimg.com/images/g/xjQAAOSwQI9nh1NV/s-l500.webp,2025-03-10 21:06:18
Artificial Bougainvillea Tree 4/5/6FT Tall Potted Tree Flowers with Wood Trunk,$59.79 to $76.35,Brand New,N/A,Artificial Bougainvillea Tree 4/5/6FT Tall Potted Tree Flowers with Wood Trunk - Brand New,"yingniao02 (3,471) 98.3%",Free delivery,https://www.ebay.com/itm/256783620738?itmmeta=01JP02KJEM1Q25KMDWXFFPTWMR&hash=item3bc97f1a82:g:dA4AAOSwiwNnhzPi,https://i.ebayimg.com/images/g/dA4AAOSwiwNnhzPi/s-l500.webp,2025-03-10 21:06:18
2PCS Tall Artificial Olive Trees w/ White Planter for Home Office Decor 5/6/7 Ft,$108.55 to $145.35,Brand New,Home,2PCS Tall Artificial Olive Trees w/ White Planter for Home Office Decor 5/6/7 Ft - Brand New,"yingniao02 (3,471) 98.3%",Free delivery,https://www.ebay.com/itm/256783607273?itmmeta=01JP02KJEMCC5Q58TE39GVKM6M&hash=item3bc97ee5e9:g:ygUAAOSwqUhnhy4z,https://i.ebayimg.com/images/g/ygUAAOSwqUhnhy4z/s-l140.webp,2025-03-10 21:06:18
5/6/7 FT Tall Artificial Olive Tree with White Planter for Home Office Decor 1PC,$61.63 to $79.11,Brand New,Home,5/6/7 FT Tall Artificial Olive Tree with White Planter for Home Office Decor 1PC - Brand New,"yingniao02 (3,471) 98.3%",Free delivery,https://www.ebay.com/itm/256783602304?itmmeta=01JP02KJEM3R83JYM3D6EDPDVW&hash=item3bc97ed280:g:u1UAAOSwWMVnhywS,https://i.ebayimg.com/images/g/u1UAAOSwWMVnhywS/s-l140.webp,2025-03-10 21:06:18
2x3FT Soft Area Rug Door Mat Indoor Entrance Entryway Rug Stain Resistant Carpet,$19.99,Brand New,N/A,2x3FT Soft Area Rug Door Mat Indoor Entrance Entryway Rug Stain Resistant Carpet - Brand New,"yingniao02 (3,471) 98.3%",Free delivery,https://www.ebay.com/itm/256782661582?itmmeta=01JP02KJEMRA1J6255DCSQHTVT&hash=item3bc97077ce:g:KuwAAOSwU35nhgy~,https://i.ebayimg.com/images/g/KuwAAOSwU35nhgy~/s-l140.webp,2025-03-10 21:06:18
Vintage Floral Area Rugs 8x10 9x12 Low Pile Non-Shedding Accent Rugs Mat 5x7,$20.99 to $165.99,Brand New,N/A,Vintage Floral Area Rugs 8x10 9x12 Low Pile Non-Shedding Accent Rugs Mat 5x7 - Brand New,"yingniao02 (3,471) 98.3%",Free delivery,https://www.ebay.com/itm/256782656232?itmmeta=01JP02KJEMHD56GQ2F001VV1Z7&hash=item3bc97062e8:g:NIwAAOSwJZBnhgpM,https://i.ebayimg.com/images/g/NIwAAOSwJZBnhgpM/s-l140.webp,2025-03-10 21:06:18
Waterproof Outdoor Rugs Plastic Straw Patio Rugs 5x8 6x9 Portable Outdoor Area,$34.99,Brand New,N/A,Waterproof Outdoor Rugs Plastic Straw Patio Rugs 5x8 6x9 Portable Outdoor Area - Brand New,"yingniao02 (3,471) 98.3%",Free delivery,https://www.ebay.com/itm/256782638603?itmmeta=01JP02KJEMDXY4MCVR28NVX8JK&hash=item3bc9701e0b:g:XqoAAOSwXkBnhgPO,https://i.ebayimg.com/images/g/XqoAAOSwXkBnhgPO/s-l140.webp,2025-03-10 21:06:18
Contemporary Modern Abstract Area Rug in Blue 8'x10' Rug Anti-Slip Backing Rugs ,$86.95,Brand New,N/A,Contemporary Modern Abstract Area Rug in Blue 8'x10' Rug Anti-Slip Backing Rugs  - Brand New,"yingniao02 (3,471) 98.3%",Free delivery,https://www.ebay.com/itm/256782554396?itmmeta=01JP02KJEMBHG05EATEPJ69WNX&hash=item3bc96ed51c:g:g4AAAOSwjdpnhd8X,https://i.ebayimg.com/images/g/g4AAAOSwjdpnhd8X/s-l140.webp,2025-03-10 21:06:18
Contemporary Modern Abstract Area Rugs in Gray Anti-Slip Backing Low Pile Rug,$51.99 to $119.99,Brand New,N/A,Contemporary Modern Abstract Area Rugs in Gray Anti-Slip Backing Low Pile Rug - Brand New,"yingniao02 (3,471) 98.3%",Free delivery,https://www.ebay.com/itm/256782550626?itmmeta=01JP02KJEMB80T7NMSF632ACYQ&hash=item3bc96ec662:g:vugAAOSwZQpnhd4~,https://i.ebayimg.com/images/g/vugAAOSwZQpnhd4~/s-l140.webp,2025-03-10 21:06:18
Floral Vintage Area Rugs Non-Slip Stain-Resistant Carpet Non-Shedding Floor Mat,$19.99 to $167.99,Brand New,N/A,Floral Vintage Area Rugs Non-Slip Stain-Resistant Carpet Non-Shedding Floor Mat - Brand New,"yingniao02 (3,471) 98.3%",Free delivery,https://www.ebay.com/itm/256782543334?itmmeta=01JP02KJEMBSY5KCS2XC67S633&hash=item3bc96ea9e6:g:SdIAAOSweQVnhdod,https://i.ebayimg.com/images/g/SdIAAOSweQVnhdod/s-l140.webp,2025-03-10 21:06:18
2X3 FT Soft Shag Area Rug Floral Distressed Small Doormat Low Pile Non Shedding ,$18.99,Brand New,N/A,2X3 FT Soft Shag Area Rug Floral Distressed Small Doormat Low Pile Non Shedding  - Brand New,"yingniao02 (3,471) 98.3%",Free delivery,https://www.ebay.com/itm/256782523705?itmmeta=01JP02KJEMVTKWFD69RVJS917Y&hash=item3bc96e5d39:g:1asAAOSwMUNnhdOF,https://i.ebayimg.com/images/g/1asAAOSwMUNnhdOF/s-l140.webp,2025-03-10 21:06:18
Large Electric Heating Pad for Back Pain Cramp Arthritis Relief Dry Heat Therapy,$32.19,Brand New,N/A,Large Electric Heating Pad for Back Pain Cramp Arthritis Relief Dry Heat Therapy - Brand New,"yingniao02 (3,471) 98.3%",Free delivery,https://www.ebay.com/itm/256781732604?itmmeta=01JP02KJEMM5VJS29TXD2FWMAR&hash=item3bc9624afc:g:TbgAAOSw8elnhMqx,https://i.ebayimg.com/images/g/TbgAAOSw8elnhMqx/s-l140.webp,2025-03-10 21:06:18
Area Rug 2x8 Hallway Runners 6x9 Braided Print Washable Rug Non-Slip Navy Blue,$29.99 to $79.99,Brand New,N/A,Area Rug 2x8 Hallway Runners 6x9 Braided Print Washable Rug Non-Slip Navy Blue - Brand New,"yingniao02 (3,471) 98.3%",Free delivery,https://www.ebay.com/itm/256781696559?itmmeta=01JP02KJEMVW08PXXP9QDPYDCA&hash=item3bc961be2f:g:SdkAAOSw4YhnhL2F,https://i.ebayimg.com/images/g/SdkAAOSw4YhnhL2F/s-l140.webp,2025-03-10 21:06:18
8x10 Modern Large Braided Printed Area Rugs Runner Rug 2x6 Hallway Rug Non Slip,$25.99 to $95.99,Brand New,N/A,8x10 Modern Large Braided Printed Area Rugs Runner Rug 2x6 Hallway Rug Non Slip - Brand New,"yingniao02 (3,471) 98.3%",Free delivery,https://www.ebay.com/itm/256781688003?itmmeta=01JP02KJEM4YCMF63233M96ERC&hash=item3bc9619cc3:g:g9gAAOSwbO1nhLlr,https://i.ebayimg.com/images/g/g9gAAOSwbO1nhLlr/s-l140.webp,2025-03-10 21:06:18
Braided Print Washable Rug 8x10 4x6 Modern Non Slip Carpet Living Room Area Rugs,$25.99 to $101.99,Brand New,N/A,Braided Print Washable Rug 8x10 4x6 Modern Non Slip Carpet Living Room Area Rugs - Brand New,"yingniao02 (3,471) 98.3%",Free delivery,https://www.ebay.com/itm/256781542416?itmmeta=01JP02KJEM8HPTDWGGMH0P707F&hash=item3bc95f6410:g:3h8AAOSw1-RnhIX3,https://i.ebayimg.com/images/g/3h8AAOSw1-RnhIX3/s-l140.webp,2025-03-10 21:06:18
"Soft Tufted Electric Heated Blanket with Machine Washable, 10 Fast Heating Level",$51.51 to $73.59,Brand New,N/A,"Soft Tufted Electric Heated Blanket with Machine Washable, 10 Fast Heating Level - Brand New","yingniao02 (3,471) 98.3%",Free delivery,https://www.ebay.com/itm/256776553498?itmmeta=01JP02KJEMBS7G0M80Y1RADSCK&hash=item3bc913441a:g:HQQAAOSwhtRnfk0U,https://i.ebayimg.com/images/g/HQQAAOSwhtRnfk0U/s-l140.webp,2025-03-10 21:06:18
35/45In Artificial Triple Boxwood Topiary Ball Trees Green Milan Grass Ball Tree,$52.43 to $63.47,Brand New,N/A,35/45In Artificial Triple Boxwood Topiary Ball Trees Green Milan Grass Ball Tree - Brand New,"yingniao02 (3,471) 98.3%",Free delivery,https://www.ebay.com/itm/256775515468?itmmeta=01JP02KJEM9XAYZP341Q2ZBHHM&hash=item3bc9036d4c:g:U2cAAOSwe1lnfPnK,https://i.ebayimg.com/images/g/U2cAAOSwe1lnfPnK/s-l140.webp,2025-03-10 21:06:18
35'' Set of 2 Artificial Plants Tree Boxwood Plant Trunks Indoor Porch Decor,$72.67,Brand New,N/A,35'' Set of 2 Artificial Plants Tree Boxwood Plant Trunks Indoor Porch Decor - Brand New,"yingniao02 (3,471) 98.3%",Free delivery,https://www.ebay.com/itm/256775495708?itmmeta=01JP02KJEM7SZ3YP0KQG6T5FCW&hash=item3bc903201c:g:XyMAAOSw7GFnfPLs,https://i.ebayimg.com/images/g/XyMAAOSw7GFnfPLs/s-l140.webp,2025-03-10 21:06:18
24 Inch Artificial Tree Set of 2 Artificial Boxwood Topiary Ball Tree Decorative,$49.67,Brand New,N/A,24 Inch Artificial Tree Set of 2 Artificial Boxwood Topiary Ball Tree Decorative - Brand New,"yingniao02 (3,471) 98.3%",Free delivery,https://www.ebay.com/itm/256775491429?itmmeta=01JP02KJEM3F5ZFB8350JMNB1F&hash=item3bc9030f65:g:whgAAOSwTs9nfPFT,https://i.ebayimg.com/images/g/whgAAOSwTs9nfPFT/s-l140.webp,2025-03-10 21:06:18
20'' Set of 2 Artificial Boxwood Ball Trees Topiary Plants for  Out/Indoor Decor,$65.31,Brand New,N/A,20'' Set of 2 Artificial Boxwood Ball Trees Topiary Plants for  Out/Indoor Decor - Brand New,"yingniao02 (3,471) 98.3%",Free delivery,https://www.ebay.com/itm/256775472590?itmmeta=01JP02KJEM6QYYJNSFE7YGYPHN&hash=item3bc902c5ce:g:Jd4AAOSwlr1nfOrk,https://i.ebayimg.com/images/g/Jd4AAOSwlr1nfOrk/s-l140.webp,2025-03-10 21:06:18
"20"" Artificial Topiary Plants Set of 2 Fake Boxwood Ball Trees with Fruits Decor",$68.99,Brand New,N/A,"20"" Artificial Topiary Plants Set of 2 Fake Boxwood Ball Trees with Fruits Decor - Brand New","yingniao02 (3,471) 98.3%",Free delivery,https://www.ebay.com/itm/256775469878?itmmeta=01JP02KJEMHCAFXEX8ZJ9YDSB7&hash=item3bc902bb36:g:NjIAAOSwQ2hnffBz,https://i.ebayimg.com/images/g/NjIAAOSwQ2hnffBz/s-l140.webp,2025-03-10 21:06:18
5x7 Modern Geometric Braided Print Area Rug Low Pile Floor Cover Office Carpet,$20.99 to $44.99,Brand New,N/A,5x7 Modern Geometric Braided Print Area Rug Low Pile Floor Cover Office Carpet - Brand New,"yingniao02 (3,471) 98.3%",Free delivery,https://www.ebay.com/itm/256772165262?itmmeta=01JP02KJEM50CA6PFVAG4J4CJP&hash=item3bc8d04e8e:g:RB4AAOSwQmBneNcB,https://i.ebayimg.com/images/g/RB4AAOSwQmBneNcB/s-l140.webp,2025-03-10 21:06:18
Blue Floral Area Rug 9x12 Machine Washable Non Slip Rugs Carpet Bedroom Home,$105.99,Brand New,Home,Blue Floral Area Rug 9x12 Machine Washable Non Slip Rugs Carpet Bedroom Home - Brand New,"yingniao02 (3,471) 98.3%",Free delivery,https://www.ebay.com/itm/256772150137?itmmeta=01JP02KJEM771W3R3ZT0FY8QQK&hash=item3bc8d01379:g:6ZIAAOSwpAVneNIR,https://i.ebayimg.com/images/g/6ZIAAOSwpAVneNIR/s-l140.webp,2025-03-10 21:06:18
Vintage Floral Area Rugs for Bedroom Decor Brick Red Low Pile Non Slip Throw Rug,$26.99 to $123.99,Brand New,N/A,Vintage Floral Area Rugs for Bedroom Decor Brick Red Low Pile Non Slip Throw Rug - Brand New,"yingniao02 (3,471) 98.3%",Free delivery,https://www.ebay.com/itm/256772140499?itmmeta=01JP02KJEMFFANFZN8F7P0T8H0&hash=item3bc8cfedd3:g:YYYAAOSw76FneM7R,https://i.ebayimg.com/images/g/YYYAAOSw76FneM7R/s-l140.webp,2025-03-10 21:06:18
8x10 Rug Washable Rugs Floral Throw Rugs Distressed Vintage Area Rug Non Slip ,$90.99,Brand New,N/A,8x10 Rug Washable Rugs Floral Throw Rugs Distressed Vintage Area Rug Non Slip  - Brand New,"yingniao02 (3,471) 98.3%",Free delivery,https://www.ebay.com/itm/256772050451?itmmeta=01JP02KJEM8ZYZQ2GJWRTGZ2JC&hash=item3bc8ce8e13:g:GLAAAOSwoE1neLL2,https://i.ebayimg.com/images/g/GLAAAOSwoE1neLL2/s-l140.webp,2025-03-10 21:06:18
Area Rugs 5'x7' Vintage Floral Design Washable Rug Carpet Non Slip Rugs 9'x10',$30.99 to $118.99,Brand New,N/A,Area Rugs 5'x7' Vintage Floral Design Washable Rug Carpet Non Slip Rugs 9'x10' - Brand New,"yingniao02 (3,471) 98.3%",Free delivery,https://www.ebay.com/itm/256772047505?itmmeta=01JP02KJEMDMQY70QNQVR0QXFD&hash=item3bc8ce8291:g:PHUAAOSwvzlneLG~,https://i.ebayimg.com/images/g/PHUAAOSwvzlneLG~/s-l140.webp,2025-03-10 21:06:18
Modern Geometric Area Rug 8 x 10 ft Non Slip Washable Rug No Shedding Large Rug,$78.99,Brand New,N/A,Modern Geometric Area Rug 8 x 10 ft Non Slip Washable Rug No Shedding Large Rug - Brand New,"yingniao02 (3,471) 98.3%",Free delivery,https://www.ebay.com/itm/256772030412?itmmeta=01JP02KJEM48HGT9D05DMHJWGH&hash=item3bc8ce3fcc:g:6iMAAOSwDmFneK1o,https://i.ebayimg.com/images/g/6iMAAOSwDmFneK1o/s-l140.webp,2025-03-10 21:06:18
8x10 Large Living Room Area Rug 4x6 Soft Machine Washable Geometric Rug Non-Slip,$21.99 to $125.99,Brand New,N/A,8x10 Large Living Room Area Rug 4x6 Soft Machine Washable Geometric Rug Non-Slip - Brand New,"yingniao02 (3,471) 98.3%",Free delivery,https://www.ebay.com/itm/256772023006?itmmeta=01JP02KJEM34P8QZPPSY5PT9GH&hash=item3bc8ce22de:g:ixIAAOSwkNRneKxh,https://i.ebayimg.com/images/g/ixIAAOSwkNRneKxh/s-l140.webp,2025-03-10 21:06:18
9x12 Geometric Bordered Area Rugs Washable 4x6 Foldable Large Carpet Low Pile ,$82.99 to $109.99,Brand New,N/A,9x12 Geometric Bordered Area Rugs Washable 4x6 Foldable Large Carpet Low Pile  - Brand New,"yingniao02 (3,471) 98.3%",Free delivery,https://www.ebay.com/itm/256772020870?itmmeta=01JP02KJEM8Z1273K1409PP8S6&hash=item3bc8ce1a86:g:RG8AAOSwF3pneKsn,https://i.ebayimg.com/images/g/RG8AAOSwF3pneKsn/s-l140.webp,2025-03-10 21:06:18
4x6 Plaid Pattern Area Rugs Washable Ultra Soft Rugs Non Slip Throw Carpet 8x10,$31.99 to $131.99,Brand New,N/A,4x6 Plaid Pattern Area Rugs Washable Ultra Soft Rugs Non Slip Throw Carpet 8x10 - Brand New,"yingniao02 (3,471) 98.3%",Free delivery,https://www.ebay.com/itm/256771235234?itmmeta=01JP02KJENZ695KMVHD37NH60R&hash=item3bc8c21da2:g:jgMAAOSwotlnd7g5,https://i.ebayimg.com/images/g/jgMAAOSwotlnd7g5/s-l140.webp,2025-03-10 21:06:18
Foldable Floral Area Rugs 4x6 10x13 Rug Machine Washable Stain Resistant Rugs,$30.99 to $133.99,Brand New,N/A,Foldable Floral Area Rugs 4x6 10x13 Rug Machine Washable Stain Resistant Rugs - Brand New,"yingniao02 (3,471) 98.3%",Free delivery,https://www.ebay.com/itm/256771228861?itmmeta=01JP02KJENYV21JC3KWTP2A87H&hash=item3bc8c204bd:g:~hQAAOSwG~Rnd7PH,https://i.ebayimg.com/images/g/~hQAAOSwG~Rnd7PH/s-l140.webp,2025-03-10 21:06:18
"4x6 Braided Design Print Rug Non-Slip Area Rug for Living Room, Bedroom 8x10",$28.99 to $114.99,Brand New,N/A,"4x6 Braided Design Print Rug Non-Slip Area Rug for Living Room, Bedroom 8x10 - Brand New","yingniao02 (3,471) 98.3%",Free delivery,https://www.ebay.com/itm/256767984380?itmmeta=01JP02KJENPMWM2X7M31CJCV1H&hash=item3bc89082fc:g:G20AAOSw4TJnhIX-,https://i.ebayimg.com/images/g/G20AAOSw4TJnhIX-/s-l140.webp,2025-03-10 21:06:18
Thickened Electric Heated Throw Blanket With 5 Heating Levels & Auto Off,$40.47,Brand New,N/A,Thickened Electric Heated Throw Blanket With 5 Heating Levels & Auto Off - Brand New,"yingniao02 (3,471) 98.3%",Free delivery,https://www.ebay.com/itm/256767894009?itmmeta=01JP02KJENTHGSMY72DBXVQFGJ&hash=item3bc88f21f9:g:BJIAAOSwNmJnc6t3,https://i.ebayimg.com/images/g/BJIAAOSwNmJnc6t3/s-l140.webp,2025-03-10 21:06:18
"50"" x 60"" Heated Blanket Electric Washable Throw Blanket with 6 Heating Levels",$45.99 to $89.23,Brand New,N/A,"50"" x 60"" Heated Blanket Electric Washable Throw Blanket with 6 Heating Levels - Brand New","yingniao02 (3,471) 98.3%",Free delivery,https://www.ebay.com/itm/256767834747?itmmeta=01JP02KJENWK799A7CRS1YFET8&hash=item3bc88e3a7b:g:XU0AAOSwD7Nnc5bF,https://i.ebayimg.com/images/g/XU0AAOSwD7Nnc5bF/s-l140.webp,2025-03-10 21:06:18
Modern Floral Area Rug 9x12 8x10 5x7 Carpet for Living Room Bedroom Rug Washable,$31.99 to $124.99,Brand New,N/A,Modern Floral Area Rug 9x12 8x10 5x7 Carpet for Living Room Bedroom Rug Washable - Brand New,"yingniao02 (3,471) 98.3%",Free delivery,https://www.ebay.com/itm/256766911958?itmmeta=01JP02KJENW0T2YF7RZC71K2PP&hash=item3bc88025d6:g:Xm8AAOSwPm9ncnhX,https://i.ebayimg.com/images/g/Xm8AAOSwPm9ncnhX/s-l140.webp,2025-03-10 21:06:18
8x10 Large Floral Accent Area Rug for Living Room Low Pile Non Slip Washable Rug,$33.99 to $126.99,Brand New,N/A,8x10 Large Floral Accent Area Rug for Living Room Low Pile Non Slip Washable Rug - Brand New,"yingniao02 (3,471) 98.3%",Free delivery,https://www.ebay.com/itm/256766895720?itmmeta=01JP02KJENZNX69PF3VFSFXJJT&hash=item3bc87fe668:g:AIYAAOSwCc1ncnSx,https://i.ebayimg.com/images/g/AIYAAOSwCc1ncnSx/s-l140.webp,2025-03-10 21:06:18
Vintage Floral Area Rugs 2x6 Runner Rug 8x10 Floor Carpet Soft Low Pile Rug ,$33.99 to $126.99,Brand New,N/A,Vintage Floral Area Rugs 2x6 Runner Rug 8x10 Floor Carpet Soft Low Pile Rug  - Brand New,"yingniao02 (3,471) 98.3%",Free delivery,https://www.ebay.com/itm/256766877525?itmmeta=01JP02KJENK0AMWJB6G6YBY44D&hash=item3bc87f9f55:g:yWIAAOSwTBpncm-1,https://i.ebayimg.com/images/g/yWIAAOSwTBpncm-1/s-l140.webp,2025-03-10 21:06:18
Contemporary Modern Abstract Area Rugs 4x6 8x10 Low Pile Non-Slip Area Rug,$31.99 to $107.99,Brand New,N/A,Contemporary Modern Abstract Area Rugs 4x6 8x10 Low Pile Non-Slip Area Rug - Brand New,"yingniao02 (3,471) 98.3%",Free delivery,https://www.ebay.com/itm/256766860897?itmmeta=01JP02KJEN9PCDZ3STECKRNWWD&hash=item3bc87f5e61:g:4LEAAOSwNAtncmks,https://i.ebayimg.com/images/g/4LEAAOSwNAtncmks/s-l140.webp,2025-03-10 21:06:18
Geometric Area Rug Gray Washable Non-Slip Rugs for Living Room Bedroom 2x6 8x10,$31.99 to $124.99,Brand New,N/A,Geometric Area Rug Gray Washable Non-Slip Rugs for Living Room Bedroom 2x6 8x10 - Brand New,"yingniao02 (3,471) 98.3%",Free delivery,https://www.ebay.com/itm/256766844188?itmmeta=01JP02KJEN4B195XW2MJJQ3N57&hash=item3bc87f1d1c:g:ppoAAOSwuptncmOX,https://i.ebayimg.com/images/g/ppoAAOSwuptncmOX/s-l140.webp,2025-03-10 21:06:18
Spring Refresh Modern Geometric Area Rug 10x13 8x10 Soft Rug Non-Slip Throw Rugs,$31.99 to $129.99,Brand New,N/A,Spring Refresh Modern Geometric Area Rug 10x13 8x10 Soft Rug Non-Slip Throw Rugs - Brand New,"yingniao02 (3,471) 98.3%",Free delivery,https://www.ebay.com/itm/256766837211?itmmeta=01JP02KJEN1AGNFBRAQFDX7YAC&hash=item3bc87f01db:g:G5gAAOSwTGxncmCc,https://i.ebayimg.com/images/g/G5gAAOSwTGxncmCc/s-l140.webp,2025-03-10 21:06:18
2 PCS Artificial Fiddle Leaf Fig Tree Large Fake Plant Green Leaves Home Decor,$80.95,Brand New,Home,2 PCS Artificial Fiddle Leaf Fig Tree Large Fake Plant Green Leaves Home Decor - Brand New,"yingniao02 (3,471) 98.3%",Free delivery,https://www.ebay.com/itm/256761508444?itmmeta=01JP02KJEN8QG6BCDWNRG0ZFD0&hash=item3bc82db25c:g:Lg8AAOSw0CVna3zn,https://i.ebayimg.com/images/g/Lg8AAOSw0CVna3zn/s-l140.webp,2025-03-10 21:06:18
"Electric Heated Throw Blanket 50"" x 60"" 84""× 90"" w/ Controller & Auto Shut Off",$42.31,Brand New,N/A,"Electric Heated Throw Blanket 50"" x 60"" 84""× 90"" w/ Controller & Auto Shut Off - Brand New","yingniao02 (3,471) 98.3%",Free delivery,https://www.ebay.com/itm/256760776035?itmmeta=01JP02KJEN551DFFNJNF5TP4EN&hash=item3bc8228563:g:zbgAAOSwan1namQN,https://i.ebayimg.com/images/g/zbgAAOSwan1namQN/s-l140.webp,2025-03-10 21:06:18
Large Non Slip Throw Rugs Floral Print Accent Carpet Area Rug Machine Washable,$104.99 to $129.99,Brand New,N/A,Large Non Slip Throw Rugs Floral Print Accent Carpet Area Rug Machine Washable - Brand New,"yingniao02 (3,471) 98.3%",Free delivery,https://www.ebay.com/itm/256760734713?itmmeta=01JP02KJENVH2JDPK2YH09C1AC&hash=item3bc821e3f9:g:i~EAAOSwLrhnalMt,https://i.ebayimg.com/images/g/i~EAAOSwLrhnalMt/s-l140.webp,2025-03-10 21:06:18
Electric Heated Pad Weighted Warmer Heating Massaging For Back Neck Shoudler US,$45.99,Brand New,N/A,Electric Heated Pad Weighted Warmer Heating Massaging For Back Neck Shoudler US - Brand New,"yingniao02 (3,471) 98.3%",Free delivery,https://www.ebay.com/itm/256760704281?itmmeta=01JP02KJENHCVDN2FVJJS1FKNA&hash=item3bc8216d19:g:qmsAAOSwHpRnakvo,https://i.ebayimg.com/images/g/qmsAAOSwHpRnakvo/s-l140.webp,2025-03-10 21:06:18
12V Kids Car Power Wheels Ride on Truck Vehicle w/Remote Control LED Light Music,$190.43,Brand New,N/A,12V Kids Car Power Wheels Ride on Truck Vehicle w/Remote Control LED Light Music - Brand New,"yingniao02 (3,471) 98.3%",Free delivery,https://www.ebay.com/itm/256753889448?itmmeta=01JP02KJENGACPBHD0S493AYKX&hash=item3bc7b970a8:g:4AQAAOSwo2JnYWEB,https://i.ebayimg.com/images/g/4AQAAOSwo2JnYWEB/s-l140.webp,2025-03-10 21:06:18
Kids RC Ride On Tractor 12V Electric Tractor Car Toy with Detachable Trailer US,$171.11,Brand New,N/A,Kids RC Ride On Tractor 12V Electric Tractor Car Toy with Detachable Trailer US - Brand New,"yingniao02 (3,471) 98.3%",Free delivery,https://www.ebay.com/itm/256753871474?itmmeta=01JP02KJENFG78EZ5G6WRVQ0P9&hash=item3bc7b92a72:g:-swAAOSwGUxnYVmw,https://i.ebayimg.com/images/g/-swAAOSwGUxnYVmw/s-l140.webp,2025-03-10 21:06:18
Foldable Floral Area Rugs 8x10ft Stain Resistant Indoor Area Rug 2x6 Runner Rug,$31.99 to $51.99,Brand New,N/A,Foldable Floral Area Rugs 8x10ft Stain Resistant Indoor Area Rug 2x6 Runner Rug - Brand New,"yingniao02 (3,471) 98.3%",Free delivery,https://www.ebay.com/itm/256753776951?itmmeta=01JP02KJEN13YK20MMBRN415ZD&hash=item3bc7b7b937:g:Bo4AAOSwMp9nYTzE,https://i.ebayimg.com/images/g/Bo4AAOSwMp9nYTzE/s-l140.webp,2025-03-10 21:06:18
Modern Geometric Floral Runner Rug Indoor Area Rug Hallway Runner Door Mat 2x6ft,$31.99,Brand New,N/A,Modern Geometric Floral Runner Rug Indoor Area Rug Hallway Runner Door Mat 2x6ft - Brand New,"yingniao02 (3,471) 98.3%",Free delivery,https://www.ebay.com/itm/256753764695?itmmeta=01JP02KJEN752SNRMV5DQS4FCH&hash=item3bc7b78957:g:pNQAAOSwpIJnYTdb,https://i.ebayimg.com/images/g/pNQAAOSwpIJnYTdb/s-l140.webp,2025-03-10 21:06:18
8x10 Contemporary Modern Abstract Area Rugs 9x12 Non-Slip Backing Throw Rugs,$82.99 to $104.99,Brand New,N/A,8x10 Contemporary Modern Abstract Area Rugs 9x12 Non-Slip Backing Throw Rugs - Brand New,"yingniao02 (3,471) 98.3%",Free delivery,https://www.ebay.com/itm/256753724334?itmmeta=01JP02KJENC6WPDFVMNW0XX8W6&hash=item3bc7b6ebae:g:O3AAAOSwzRxnYTE7,https://i.ebayimg.com/images/g/O3AAAOSwzRxnYTE7/s-l140.webp,2025-03-10 21:06:18
9x12ft Rug Vintage Floral Area Rugs Low Pile Throw Rugs Area Rug Non-Slip 5x7ft,$44.15 to $96.59,Brand New,N/A,9x12ft Rug Vintage Floral Area Rugs Low Pile Throw Rugs Area Rug Non-Slip 5x7ft - Brand New,"yingniao02 (3,471) 98.3%",Free delivery,https://www.ebay.com/itm/256753708254?itmmeta=01JP02KJENR7QTAGKNVPQJ703Y&hash=item3bc7b6acde:g:dnsAAOSw5ElnYS0N,https://i.ebayimg.com/images/g/dnsAAOSw5ElnYS0N/s-l140.webp,2025-03-10 21:06:18
5x7 8x10 Vintage Floral Printed Area Rug Non Slip Low Pile Rugs Machine Washable,$52.99 to $140.99,Brand New,N/A,5x7 8x10 Vintage Floral Printed Area Rug Non Slip Low Pile Rugs Machine Washable - Brand New,"yingniao02 (3,471) 98.3%",Free delivery,https://www.ebay.com/itm/256753692743?itmmeta=01JP02KJENY4PTAP7W5JS7T3QP&hash=item3bc7b67047:g:wYwAAOSwryJnYShh,https://i.ebayimg.com/images/g/wYwAAOSwryJnYShh/s-l140.webp,2025-03-10 21:06:18
1/4HP 3.5CFM Air HVAC Vacuum Pump Kit & A/C Manifold Gauge Set with Carry Bag,$123.27,Brand New,N/A,1/4HP 3.5CFM Air HVAC Vacuum Pump Kit & A/C Manifold Gauge Set with Carry Bag - Brand New,"yingniao02 (3,471) 98.3%",Free delivery,https://www.ebay.com/itm/256752580633?itmmeta=01JP02KJENQCJDFBDVBC0K0VWV&hash=item3bc7a57819:g:Y60AAOSwmmlmvs1x,https://i.ebayimg.com/images/g/Y60AAOSwmmlmvs1x/s-l140.webp,2025-03-10 21:06:18
"60"" Electric Pet Grooming Table X-Lift Heavy Duty For Large Dog W/Remote Control",$569.99,Brand New,N/A,"60"" Electric Pet Grooming Table X-Lift Heavy Duty For Large Dog W/Remote Control - Brand New","yingniao02 (3,471) 98.3%",Free delivery,https://www.ebay.com/itm/256752573460?itmmeta=01JP02KJENYQ90Z3W7746581GZ&hash=item3bc7a55c14:g:-z4AAOSw6xJmlhMr,https://i.ebayimg.com/images/g/-z4AAOSw6xJmlhMr/s-l140.webp,2025-03-10 21:06:18
3-IN-1 Portable MIG Welder LIFT TIG MMA MIG Welding Machine AC 110/220V 270A,$215.99,Brand New,N/A,3-IN-1 Portable MIG Welder LIFT TIG MMA MIG Welding Machine AC 110/220V 270A - Brand New,"yingniao02 (3,471) 98.3%",Free delivery,https://www.ebay.com/itm/256752566820?itmmeta=01JP02KJENWW0JVCCFN2DF1AZN&hash=item3bc7a54224:g:mQoAAOSwiExmllLH,https://i.ebayimg.com/images/g/mQoAAOSwiExmllLH/s-l140.webp,2025-03-10 21:06:18
"Clamp On Trailer Hitch 2"" Ball Mount Receiver Deere Bobcat Tractor Bucket Orange",$46.99,Brand New,N/A,"Clamp On Trailer Hitch 2"" Ball Mount Receiver Deere Bobcat Tractor Bucket Orange - Brand New","yingniao02 (3,471) 98.3%",Free delivery,https://www.ebay.com/itm/256752562832?itmmeta=01JP02KJENDDJQBFPYBNCY69J2&hash=item3bc7a53290:g:wCQAAOSwYz9nX-eL,https://i.ebayimg.com/images/g/wCQAAOSwYz9nX-eL/s-l140.webp,2025-03-10 21:06:18
Weed Barrier Landscape Fabric 6FT * 50FT 6OZ Geotextile Weed Geotextile US,$45.07,Brand New,N/A,Weed Barrier Landscape Fabric 6FT * 50FT 6OZ Geotextile Weed Geotextile US - Brand New,"yingniao02 (3,471) 98.3%",Free delivery,https://www.ebay.com/itm/256752557914?itmmeta=01JP02KJENXNTZV4Y98ENEBEMV&hash=item3bc7a51f5a:g:6pgAAOSwpJ1nX-YK,https://i.ebayimg.com/images/g/6pgAAOSwpJ1nX-YK/s-l140.webp,2025-03-10 21:06:18
Waffle Shower Curtain Waterproof Waffle Weave Fabric Shower Curtain for Bathroom,$27.59 to $55.18,Brand New,N/A,Waffle Shower Curtain Waterproof Waffle Weave Fabric Shower Curtain for Bathroom - Brand New,"yingniao02 (3,471) 98.3%",Free delivery,https://www.ebay.com/itm/256749091829?itmmeta=01JP02KJENVM2MXATMJ94PE0EF&hash=item3bc7703bf5:g:dEcAAOSwWQ9nW95U,https://i.ebayimg.com/images/g/dEcAAOSwWQ9nW95U/s-l140.webp,2025-03-10 21:06:18
 Non-Slip Rug 5x7ft 8x10ft Area Rugs for Living Room Low Pile Washable Door Mat ,$33.68 to $161.95,Brand New,N/A, Non-Slip Rug 5x7ft 8x10ft Area Rugs for Living Room Low Pile Washable Door Mat  - Brand New,"yingniao02 (3,471) 98.3%",Free delivery,https://www.ebay.com/itm/256749060109?itmmeta=01JP02KJEN4D836H8J3CBRX7ER&hash=item3bc76fc00d:g:DzAAAOSwxsxnW87f,https://i.ebayimg.com/images/g/DzAAAOSwxsxnW87f/s-l140.webp,2025-03-10 21:06:18
50PCS Pink Napkin Rings Paper Butterfly Napkin Rings For Party Christams Gifts,$23.91,Brand New,N/A,50PCS Pink Napkin Rings Paper Butterfly Napkin Rings For Party Christams Gifts - Brand New,"yingniao02 (3,471) 98.3%",Free delivery,https://www.ebay.com/itm/256746806642?itmmeta=01JP02KJEN7TH247Z36TNVFN9P&hash=item3bc74d5d72:g:pQYAAOSwHVhnWT5Z,https://i.ebayimg.com/images/g/pQYAAOSwHVhnWT5Z/s-l140.webp,2025-03-10 21:06:18
4.5Ft Artificial Pre-Lit Snowflocked Christmas Tree Berry Potted Tree Xmas Decor,$65.31,Brand New,N/A,4.5Ft Artificial Pre-Lit Snowflocked Christmas Tree Berry Potted Tree Xmas Decor - Brand New,"yingniao02 (3,471) 98.3%",Free delivery,https://www.ebay.com/itm/256744476579?itmmeta=01JP02KJEN8VDK0ZTAAC463YXZ&hash=item3bc729cfa3:g:J18AAOSw6LNnVqBd,https://i.ebayimg.com/images/g/J18AAOSw6LNnVqBd/s-l140.webp,2025-03-10 21:06:18
